balls,strikes,deficit,runs_scored,fastballs_seen,count,optimal_action,value
0,0,0,0,0,0-0,take,0.7463104783107147
0,0,0,0,1,0-0,take,0.7456198555287185
0,0,0,0,2,0-0,take,0.7456198555287185
0,0,0,0,3,0-0,take,0.7456198555287185
0,0,0,1,0,0-0,take,0.7463104783107147
0,0,0,1,1,0-0,take,0.7456198555287185
0,0,0,1,2,0-0,take,0.7456198555287185
0,0,0,1,3,0-0,take,0.7456198555287185
0,0,0,2,0,0-0,take,0.7463104783107147
0,0,0,2,1,0-0,take,0.7456198555287185
0,0,0,2,2,0-0,take,0.7456198555287185
0,0,0,2,3,0-0,take,0.7456198555287185
0,0,0,3,0,0-0,take,0.7463104783107147
0,0,0,3,1,0-0,take,0.7456198555287185
0,0,0,3,2,0-0,take,0.7456198555287185
0,0,0,3,3,0-0,take,0.7456198555287185
0,0,1,0,0,0-0,take,0.5421465845796469
0,0,1,0,1,0-0,take,0.5428880122127784
0,0,1,0,2,0-0,take,0.5428880122127784
0,0,1,0,3,0-0,take,0.5428880122127784
0,0,1,1,0,0-0,take,0.5421465845796469
0,0,1,1,1,0-0,take,0.5428880122127784
0,0,1,1,2,0-0,take,0.5428880122127784
0,0,1,1,3,0-0,take,0.5428880122127784
0,0,1,2,0,0-0,take,0.5421465845796469
0,0,1,2,1,0-0,take,0.5428880122127784
0,0,1,2,2,0-0,take,0.5428880122127784
0,0,1,2,3,0-0,take,0.5428880122127784
0,0,1,3,0,0-0,take,0.5421465845796469
0,0,1,3,1,0-0,take,0.5428880122127784
0,0,1,3,2,0-0,take,0.5428880122127784
0,0,1,3,3,0-0,take,0.5428880122127784
0,0,2,0,0,0-0,take,0.39383464079024577
0,0,2,0,1,0-0,take,0.39437324030168613
0,0,2,0,2,0-0,take,0.39437324030168613
0,0,2,0,3,0-0,take,0.39437324030168613
0,0,2,1,0,0-0,take,0.39383464079024577
0,0,2,1,1,0-0,take,0.39437324030168613
0,0,2,1,2,0-0,take,0.39437324030168613
0,0,2,1,3,0-0,take,0.39437324030168613
0,0,2,2,0,0-0,take,0.39383464079024577
0,0,2,2,1,0-0,take,0.39437324030168613
0,0,2,2,2,0-0,take,0.39437324030168613
0,0,2,2,3,0-0,take,0.39437324030168613
0,0,2,3,0,0-0,take,0.39383464079024577
0,0,2,3,1,0-0,take,0.39437324030168613
0,0,2,3,2,0-0,take,0.39437324030168613
0,0,2,3,3,0-0,take,0.39437324030168613
0,0,3,0,0,0-0,take,0.2870719286926795
0,0,3,0,1,0-0,take,0.28703339025690033
0,0,3,0,2,0-0,take,0.28703339025690033
0,0,3,0,3,0-0,take,0.28703339025690033
0,0,3,1,0,0-0,take,0.2870719286926795
0,0,3,1,1,0-0,take,0.28703339025690033
0,0,3,1,2,0-0,take,0.28703339025690033
0,0,3,1,3,0-0,take,0.28703339025690033
0,0,3,2,0,0-0,take,0.2870719286926795
0,0,3,2,1,0-0,take,0.28703339025690033
0,0,3,2,2,0-0,take,0.28703339025690033
0,0,3,2,3,0-0,take,0.28703339025690033
0,0,3,3,0,0-0,take,0.2870719286926795
0,0,3,3,1,0-0,take,0.28703339025690033
0,0,3,3,2,0-0,take,0.28703339025690033
0,0,3,3,3,0-0,take,0.28703339025690033
0,1,0,0,0,0-1,take,0.5493622098828468
0,1,0,0,1,0-1,take,0.5637275986861824
0,1,0,0,2,0-1,take,0.5600924297457861
0,1,0,0,3,0-1,take,0.5600924297457861
0,1,0,1,0,0-1,take,0.5493622098828468
0,1,0,1,1,0-1,take,0.5637275986861824
0,1,0,1,2,0-1,take,0.5600924297457861
0,1,0,1,3,0-1,take,0.5600924297457861
0,1,0,2,0,0-1,take,0.5493622098828468
0,1,0,2,1,0-1,take,0.5637275986861824
0,1,0,2,2,0-1,take,0.5600924297457861
0,1,0,2,3,0-1,take,0.5600924297457861
0,1,0,3,0,0-1,take,0.5493622098828468
0,1,0,3,1,0-1,take,0.5637275986861824
0,1,0,3,2,0-1,take,0.5600924297457861
0,1,0,3,3,0-1,take,0.5600924297457861
0,1,1,0,0,0-1,take,0.38652189788421976
0,1,1,0,1,0-1,take,0.3795761702169025
0,1,1,0,2,0-1,take,0.38088939078496353
0,1,1,0,3,0-1,take,0.38088939078496353
0,1,1,1,0,0-1,take,0.38652189788421976
0,1,1,1,1,0-1,take,0.3795761702169025
0,1,1,1,2,0-1,take,0.38088939078496353
0,1,1,1,3,0-1,take,0.38088939078496353
0,1,1,2,0,0-1,take,0.38652189788421976
0,1,1,2,1,0-1,take,0.3795761702169025
0,1,1,2,2,0-1,take,0.38088939078496353
0,1,1,2,3,0-1,take,0.38088939078496353
0,1,1,3,0,0-1,take,0.38652189788421976
0,1,1,3,1,0-1,take,0.3795761702169025
0,1,1,3,2,0-1,take,0.38088939078496353
0,1,1,3,3,0-1,take,0.38088939078496353
0,1,2,0,0,0-1,take,0.2807833105412876
0,1,2,0,1,0-1,take,0.27573768590983866
0,1,2,0,2,0-1,take,0.27669165622974906
0,1,2,0,3,0-1,take,0.27669165622974906
0,1,2,1,0,0-1,take,0.2807833105412876
0,1,2,1,1,0-1,take,0.27573768590983866
0,1,2,1,2,0-1,take,0.27669165622974906
0,1,2,1,3,0-1,take,0.27669165622974906
0,1,2,2,0,0-1,take,0.2807833105412876
0,1,2,2,1,0-1,take,0.27573768590983866
0,1,2,2,2,0-1,take,0.27669165622974906
0,1,2,2,3,0-1,take,0.27669165622974906
0,1,2,3,0,0-1,take,0.2807833105412876
0,1,2,3,1,0-1,take,0.27573768590983866
0,1,2,3,2,0-1,take,0.27669165622974906
0,1,2,3,3,0-1,take,0.27669165622974906
0,1,3,0,0,0-1,take,0.20397102305786616
0,1,3,0,1,0-1,take,0.2034859099941783
0,1,3,0,2,0-1,take,0.20277882129066233
0,1,3,0,3,0-1,take,0.20277882129066233
0,1,3,1,0,0-1,take,0.20397102305786616
0,1,3,1,1,0-1,take,0.2034859099941783
0,1,3,1,2,0-1,take,0.20277882129066233
0,1,3,1,3,0-1,take,0.20277882129066233
0,1,3,2,0,0-1,take,0.20397102305786616
0,1,3,2,1,0-1,take,0.2034859099941783
0,1,3,2,2,0-1,take,0.20277882129066233
0,1,3,2,3,0-1,take,0.20277882129066233
0,1,3,3,0,0-1,take,0.20397102305786616
0,1,3,3,1,0-1,take,0.2034859099941783
0,1,3,3,2,0-1,take,0.20277882129066233
0,1,3,3,3,0-1,take,0.20277882129066233
0,2,0,0,0,0-2,swing,0.33628761001742546
0,2,0,0,1,0-2,swing,0.34752724742486496
0,2,0,0,2,0-2,swing,0.3758965299023016
0,2,0,0,3,0-2,swing,0.36024250190321744
0,2,0,1,0,0-2,swing,0.33628761001742546
0,2,0,1,1,0-2,swing,0.34752724742486496
0,2,0,1,2,0-2,swing,0.3758965299023016
0,2,0,1,3,0-2,swing,0.36024250190321744
0,2,0,2,0,0-2,swing,0.33628761001742546
0,2,0,2,1,0-2,swing,0.34752724742486496
0,2,0,2,2,0-2,swing,0.3758965299023016
0,2,0,2,3,0-2,swing,0.36024250190321744
0,2,0,3,0,0-2,swing,0.33628761001742546
0,2,0,3,1,0-2,swing,0.34752724742486496
0,2,0,3,2,0-2,swing,0.3758965299023016
0,2,0,3,3,0-2,swing,0.36024250190321744
0,2,1,0,0,0-2,take,0.17446938090721864
0,2,1,0,1,0-2,take,0.17574746099875235
0,2,1,0,2,0-2,take,0.17040103539628854
0,2,1,0,3,0-2,take,0.17100847931638619
0,2,1,1,0,0-2,take,0.17446938090721864
0,2,1,1,1,0-2,take,0.17574746099875235
0,2,1,1,2,0-2,take,0.17040103539628854
0,2,1,1,3,0-2,take,0.17100847931638619
0,2,1,2,0,0-2,take,0.17446938090721864
0,2,1,2,1,0-2,take,0.17574746099875235
0,2,1,2,2,0-2,take,0.17040103539628854
0,2,1,2,3,0-2,take,0.17100847931638619
0,2,1,3,0,0-2,take,0.17446938090721864
0,2,1,3,1,0-2,take,0.17574746099875235
0,2,1,3,2,0-2,take,0.17040103539628854
0,2,1,3,3,0-2,take,0.17100847931638619
0,2,2,0,0,0-2,take,0.1267407891470143
0,2,2,0,1,0-2,take,0.12766923216980586
0,2,2,0,2,0-2,take,0.12378539767432829
0,2,2,0,3,0-2,take,0.12422666663163992
0,2,2,1,0,0-2,take,0.1267407891470143
0,2,2,1,1,0-2,take,0.12766923216980586
0,2,2,1,2,0-2,take,0.12378539767432829
0,2,2,1,3,0-2,take,0.12422666663163992
0,2,2,2,0,0-2,take,0.1267407891470143
0,2,2,2,1,0-2,take,0.12766923216980586
0,2,2,2,2,0-2,take,0.12378539767432829
0,2,2,2,3,0-2,take,0.12422666663163992
0,2,2,3,0,0-2,take,0.1267407891470143
0,2,2,3,1,0-2,take,0.12766923216980586
0,2,2,3,2,0-2,take,0.12378539767432829
0,2,2,3,3,0-2,take,0.12422666663163992
0,2,3,0,0,0-2,take,0.09206903521275123
0,2,3,0,1,0-2,take,0.09274348937966724
0,2,3,0,2,0-2,swing,0.10021641783612276
0,2,3,0,3,0-2,swing,0.0960429539007618
0,2,3,1,0,0-2,take,0.09206903521275123
0,2,3,1,1,0-2,take,0.09274348937966724
0,2,3,1,2,0-2,swing,0.10021641783612276
0,2,3,1,3,0-2,swing,0.0960429539007618
0,2,3,2,0,0-2,take,0.09206903521275123
0,2,3,2,1,0-2,take,0.09274348937966724
0,2,3,2,2,0-2,swing,0.10021641783612276
0,2,3,2,3,0-2,swing,0.0960429539007618
0,2,3,3,0,0-2,take,0.09206903521275123
0,2,3,3,1,0-2,take,0.09274348937966724
0,2,3,3,2,0-2,swing,0.10021641783612276
0,2,3,3,3,0-2,swing,0.0960429539007618
1,0,0,0,0,1-0,take,0.8284901427922695
1,0,0,0,1,1-0,take,0.8272020957865676
1,0,0,0,2,1-0,take,0.8278283067317962
1,0,0,0,3,1-0,take,0.8278283067317962
1,0,0,1,0,1-0,take,0.8284901427922695
1,0,0,1,1,1-0,take,0.8272020957865676
1,0,0,1,2,1-0,take,0.8278283067317962
1,0,0,1,3,1-0,take,0.8278283067317962
1,0,0,2,0,1-0,take,0.8284901427922695
1,0,0,2,1,1-0,take,0.8272020957865676
1,0,0,2,2,1-0,take,0.8278283067317962
1,0,0,2,3,1-0,take,0.8278283067317962
1,0,0,3,0,1-0,take,0.8284901427922695
1,0,0,3,1,1-0,take,0.8272020957865676
1,0,0,3,2,1-0,take,0.8278283067317962
1,0,0,3,3,1-0,take,0.8278283067317962
1,0,1,0,0,1-0,take,0.6155321593741863
1,0,1,0,1,1-0,take,0.6141718686513611
1,0,1,0,2,1-0,take,0.614670691827294
1,0,1,0,3,1-0,take,0.614670691827294
1,0,1,1,0,1-0,take,0.6155321593741863
1,0,1,1,1,1-0,take,0.6141718686513611
1,0,1,1,2,1-0,take,0.614670691827294
1,0,1,1,3,1-0,take,0.614670691827294
1,0,1,2,0,1-0,take,0.6155321593741863
1,0,1,2,1,1-0,take,0.6141718686513611
1,0,1,2,2,1-0,take,0.614670691827294
1,0,1,2,3,1-0,take,0.614670691827294
1,0,1,3,0,1-0,take,0.6155321593741863
1,0,1,3,1,1-0,take,0.6141718686513611
1,0,1,3,2,1-0,take,0.614670691827294
1,0,1,3,3,1-0,take,0.614670691827294
1,0,2,0,0,1-0,take,0.4471445431773864
1,0,2,0,1,1-0,take,0.44615637941597186
1,0,2,0,2,1-0,take,0.4465187423855467
1,0,2,0,3,1-0,take,0.4465187423855467
1,0,2,1,0,1-0,take,0.4471445431773864
1,0,2,1,1,1-0,take,0.44615637941597186
1,0,2,1,2,1-0,take,0.4465187423855467
1,0,2,1,3,1-0,take,0.4465187423855467
1,0,2,2,0,1-0,take,0.4471445431773864
1,0,2,2,1,1-0,take,0.44615637941597186
1,0,2,2,2,1-0,take,0.4465187423855467
1,0,2,2,3,1-0,take,0.4465187423855467
1,0,2,3,0,1-0,take,0.4471445431773864
1,0,2,3,1,1-0,take,0.44615637941597186
1,0,2,3,2,1-0,take,0.4465187423855467
1,0,2,3,3,1-0,take,0.4465187423855467
1,0,3,0,0,1-0,take,0.3248217637887063
1,0,3,0,1,1-0,take,0.32410392634013413
1,0,3,0,2,1-0,take,0.3243671597428627
1,0,3,0,3,1-0,take,0.3243671597428627
1,0,3,1,0,1-0,take,0.3248217637887063
1,0,3,1,1,1-0,take,0.32410392634013413
1,0,3,1,2,1-0,take,0.3243671597428627
1,0,3,1,3,1-0,take,0.3243671597428627
1,0,3,2,0,1-0,take,0.3248217637887063
1,0,3,2,1,1-0,take,0.32410392634013413
1,0,3,2,2,1-0,take,0.3243671597428627
1,0,3,2,3,1-0,take,0.3243671597428627
1,0,3,3,0,1-0,take,0.3248217637887063
1,0,3,3,1,1-0,take,0.32410392634013413
1,0,3,3,2,1-0,take,0.3243671597428627
1,0,3,3,3,1-0,take,0.3243671597428627
1,1,0,0,0,1-1,take,0.6424252356260478
1,1,0,0,1,1-1,take,0.6485600999925749
1,1,0,0,2,1-1,take,0.6476938125810795
1,1,0,0,3,1-1,take,0.6485860610953559
1,1,0,1,0,1-1,take,0.6424252356260478
1,1,0,1,1,1-1,take,0.6485600999925749
1,1,0,1,2,1-1,take,0.6476938125810795
1,1,0,1,3,1-1,take,0.6485860610953559
1,1,0,2,0,1-1,take,0.6424252356260478
1,1,0,2,1,1-1,take,0.6485600999925749
1,1,0,2,2,1-1,take,0.6476938125810795
1,1,0,2,3,1-1,take,0.6485860610953559
1,1,0,3,0,1-1,take,0.6424252356260478
1,1,0,3,1,1-1,take,0.6485600999925749
1,1,0,3,2,1-1,take,0.6476938125810795
1,1,0,3,3,1-1,take,0.6485860610953559
1,1,1,0,0,1-1,take,0.4791385160021822
1,1,1,0,1,1-1,take,0.47496765815781733
1,1,1,0,2,1-1,take,0.47308383231766976
1,1,1,0,3,1-1,take,0.4738247458653628
1,1,1,1,0,1-1,take,0.4791385160021822
1,1,1,1,1,1-1,take,0.47496765815781733
1,1,1,1,2,1-1,take,0.47308383231766976
1,1,1,1,3,1-1,take,0.4738247458653628
1,1,1,2,0,1-1,take,0.4791385160021822
1,1,1,2,1,1-1,take,0.47496765815781733
1,1,1,2,2,1-1,take,0.47308383231766976
1,1,1,2,3,1-1,take,0.4738247458653628
1,1,1,3,0,1-1,take,0.4791385160021822
1,1,1,3,1,1-1,take,0.47496765815781733
1,1,1,3,2,1-1,take,0.47308383231766976
1,1,1,3,3,1-1,take,0.4738247458653628
1,1,2,0,0,1-1,take,0.3480633295862328
1,1,2,0,1,1-1,take,0.34503346949347585
1,1,2,0,2,1-1,take,0.34366499112575544
1,1,2,0,3,1-1,take,0.3442032171871873
1,1,2,1,0,1-1,take,0.3480633295862328
1,1,2,1,1,1-1,take,0.34503346949347585
1,1,2,1,2,1-1,take,0.34366499112575544
1,1,2,1,3,1-1,take,0.3442032171871873
1,1,2,2,0,1-1,take,0.3480633295862328
1,1,2,2,1,1-1,take,0.34503346949347585
1,1,2,2,2,1-1,take,0.34366499112575544
1,1,2,2,3,1-1,take,0.3442032171871873
1,1,2,3,0,1-1,take,0.3480633295862328
1,1,2,3,1,1-1,take,0.34503346949347585
1,1,2,3,2,1-1,take,0.34366499112575544
1,1,2,3,3,1-1,take,0.3442032171871873
1,1,3,0,0,1-1,take,0.2528456324170647
1,1,3,0,1,1-1,take,0.2506446338458524
1,1,3,0,2,1-1,take,0.2496505222878009
1,1,3,0,3,1-1,take,0.25004150892008276
1,1,3,1,0,1-1,take,0.2528456324170647
1,1,3,1,1,1-1,take,0.2506446338458524
1,1,3,1,2,1-1,take,0.2496505222878009
1,1,3,1,3,1-1,take,0.25004150892008276
1,1,3,2,0,1-1,take,0.2528456324170647
1,1,3,2,1,1-1,take,0.2506446338458524
1,1,3,2,2,1-1,take,0.2496505222878009
1,1,3,2,3,1-1,take,0.25004150892008276
1,1,3,3,0,1-1,take,0.2528456324170647
1,1,3,3,1,1-1,take,0.2506446338458524
1,1,3,3,2,1-1,take,0.2496505222878009
1,1,3,3,3,1-1,take,0.25004150892008276
1,2,0,0,0,1-2,swing,0.33725065735482945
1,2,0,0,1,1-2,swing,0.34470326397281836
1,2,0,0,2,1-2,swing,0.3702706909290723
1,2,0,0,3,1-2,swing,0.37483378984256727
1,2,0,1,0,1-2,swing,0.33725065735482945
1,2,0,1,1,1-2,swing,0.34470326397281836
1,2,0,1,2,1-2,swing,0.3702706909290723
1,2,0,1,3,1-2,swing,0.37483378984256727
1,2,0,2,0,1-2,swing,0.33725065735482945
1,2,0,2,1,1-2,swing,0.34470326397281836
1,2,0,2,2,1-2,swing,0.3702706909290723
1,2,0,2,3,1-2,swing,0.37483378984256727
1,2,0,3,0,1-2,swing,0.33725065735482945
1,2,0,3,1,1-2,swing,0.34470326397281836
1,2,0,3,2,1-2,swing,0.3702706909290723
1,2,0,3,3,1-2,swing,0.37483378984256727
1,2,1,0,0,1-2,take,0.2506787464212192
1,2,1,0,1,1-2,take,0.2529000405781737
1,2,1,0,2,1-2,take,0.24675501614722506
1,2,1,0,3,1-2,take,0.24650381090433898
1,2,1,1,0,1-2,take,0.2506787464212192
1,2,1,1,1,1-2,take,0.2529000405781737
1,2,1,1,2,1-2,take,0.24675501614722506
1,2,1,1,3,1-2,take,0.24650381090433898
1,2,1,2,0,1-2,take,0.2506787464212192
1,2,1,2,1,1-2,take,0.2529000405781737
1,2,1,2,2,1-2,take,0.24675501614722506
1,2,1,2,3,1-2,take,0.24650381090433898
1,2,1,3,0,1-2,take,0.2506787464212192
1,2,1,3,1,1-2,take,0.2529000405781737
1,2,1,3,2,1-2,take,0.24675501614722506
1,2,1,3,3,1-2,take,0.24650381090433898
1,2,2,0,0,1-2,take,0.18210199393830395
1,2,2,0,1,1-2,take,0.1837156213434181
1,2,2,0,2,1-2,take,0.17925165613834626
1,2,2,0,3,1-2,take,0.17906917167857303
1,2,2,1,0,1-2,take,0.18210199393830395
1,2,2,1,1,1-2,take,0.1837156213434181
1,2,2,1,2,1-2,take,0.17925165613834626
1,2,2,1,3,1-2,take,0.17906917167857303
1,2,2,2,0,1-2,take,0.18210199393830395
1,2,2,2,1,1-2,take,0.1837156213434181
1,2,2,2,2,1-2,take,0.17925165613834626
1,2,2,2,3,1-2,take,0.17906917167857303
1,2,2,3,0,1-2,take,0.18210199393830395
1,2,2,3,1,1-2,take,0.1837156213434181
1,2,2,3,2,1-2,take,0.17925165613834626
1,2,2,3,3,1-2,take,0.17906917167857303
1,2,3,0,0,1-2,take,0.1322853916445229
1,2,3,0,1,1-2,take,0.13345758821764875
1,2,3,0,2,1-2,take,0.13021480447503622
1,2,3,0,3,1-2,take,0.13008224124655055
1,2,3,1,0,1-2,take,0.1322853916445229
1,2,3,1,1,1-2,take,0.13345758821764875
1,2,3,1,2,1-2,take,0.13021480447503622
1,2,3,1,3,1-2,take,0.13008224124655055
1,2,3,2,0,1-2,take,0.1322853916445229
1,2,3,2,1,1-2,take,0.13345758821764875
1,2,3,2,2,1-2,take,0.13021480447503622
1,2,3,2,3,1-2,take,0.13008224124655055
1,2,3,3,0,1-2,take,0.1322853916445229
1,2,3,3,1,1-2,take,0.13345758821764875
1,2,3,3,2,1-2,take,0.13021480447503622
1,2,3,3,3,1-2,take,0.13008224124655055
2,0,0,0,0,2-0,take,0.9093035484377718
2,0,0,0,1,2-0,take,0.9080934404807909
2,0,0,0,2,2-0,take,0.9073281969935618
2,0,0,0,3,2-0,take,0.9075306798487465
2,0,0,1,0,2-0,take,0.9093035484377718
2,0,0,1,1,2-0,take,0.9080934404807909
2,0,0,1,2,2-0,take,0.9073281969935618
2,0,0,1,3,2-0,take,0.9075306798487465
2,0,0,2,0,2-0,take,0.9093035484377718
2,0,0,2,1,2-0,take,0.9080934404807909
2,0,0,2,2,2-0,take,0.9073281969935618
2,0,0,2,3,2-0,take,0.9075306798487465
2,0,0,3,0,2-0,take,0.9093035484377718
2,0,0,3,1,2-0,take,0.9080934404807909
2,0,0,3,2,2-0,take,0.9073281969935618
2,0,0,3,3,2-0,take,0.9075306798487465
2,0,1,0,0,2-0,take,0.6786227661641662
2,0,1,0,1,2-0,take,0.6777196499159842
2,0,1,0,2,2-0,take,0.6771485406830058
2,0,1,0,3,2-0,take,0.6772996557595085
2,0,1,1,0,2-0,take,0.6786227661641662
2,0,1,1,1,2-0,take,0.6777196499159842
2,0,1,1,2,2-0,take,0.6771485406830058
2,0,1,1,3,2-0,take,0.6772996557595085
2,0,1,2,0,2-0,take,0.6786227661641662
2,0,1,2,1,2-0,take,0.6777196499159842
2,0,1,2,2,2-0,take,0.6771485406830058
2,0,1,2,3,2-0,take,0.6772996557595085
2,0,1,3,0,2-0,take,0.6786227661641662
2,0,1,3,1,2-0,take,0.6777196499159842
2,0,1,3,2,2-0,take,0.6771485406830058
2,0,1,3,3,2-0,take,0.6772996557595085
2,0,2,0,0,2-0,take,0.492975813126569
2,0,2,0,1,2-0,take,0.49231975723072474
2,0,2,0,2,2-0,take,0.4919048830877394
2,0,2,0,3,2-0,take,0.4920146584761176
2,0,2,1,0,2-0,take,0.492975813126569
2,0,2,1,1,2-0,take,0.49231975723072474
2,0,2,1,2,2-0,take,0.4919048830877394
2,0,2,1,3,2-0,take,0.4920146584761176
2,0,2,2,0,2-0,take,0.492975813126569
2,0,2,2,1,2-0,take,0.49231975723072474
2,0,2,2,2,2-0,take,0.4919048830877394
2,0,2,2,3,2-0,take,0.4920146584761176
2,0,2,3,0,2-0,take,0.492975813126569
2,0,2,3,1,2-0,take,0.49231975723072474
2,0,2,3,2,2-0,take,0.4919048830877394
2,0,2,3,3,2-0,take,0.4920146584761176
2,0,3,0,0,2-0,take,0.35811523591052746
2,0,3,0,1,2-0,take,0.3576386534784789
2,0,3,0,2,2-0,take,0.3573372740834738
2,0,3,0,3,2-0,take,0.3574170188463536
2,0,3,1,0,2-0,take,0.35811523591052746
2,0,3,1,1,2-0,take,0.3576386534784789
2,0,3,1,2,2-0,take,0.3573372740834738
2,0,3,1,3,2-0,take,0.3574170188463536
2,0,3,2,0,2-0,take,0.35811523591052746
2,0,3,2,1,2-0,take,0.3576386534784789
2,0,3,2,2,2-0,take,0.3573372740834738
2,0,3,2,3,2-0,take,0.3574170188463536
2,0,3,3,0,2-0,take,0.35811523591052746
2,0,3,3,1,2-0,take,0.3576386534784789
2,0,3,3,2,2-0,take,0.3573372740834738
2,0,3,3,3,2-0,take,0.3574170188463536
2,1,0,0,0,2-1,take,0.7767297066155195
2,1,0,0,1,2-1,take,0.7743484996190093
2,1,0,0,2,2-1,take,0.7714103260499732
2,1,0,0,3,2-1,take,0.7701605212703007
2,1,0,1,0,2-1,take,0.7767297066155195
2,1,0,1,1,2-1,take,0.7743484996190093
2,1,0,1,2,2-1,take,0.7714103260499732
2,1,0,1,3,2-1,take,0.7701605212703007
2,1,0,2,0,2-1,take,0.7767297066155195
2,1,0,2,1,2-1,take,0.7743484996190093
2,1,0,2,2,2-1,take,0.7714103260499732
2,1,0,2,3,2-1,take,0.7701605212703007
2,1,0,3,0,2-1,take,0.7767297066155195
2,1,0,3,1,2-1,take,0.7743484996190093
2,1,0,3,2,2-1,take,0.7714103260499732
2,1,0,3,3,2-1,take,0.7701605212703007
2,1,1,0,0,2-1,take,0.5796815188623368
2,1,1,0,1,2-1,take,0.5779043991298145
2,1,1,0,2,2-1,take,0.5757116094081473
2,1,1,0,3,2-1,take,0.5747788670052348
2,1,1,1,0,2-1,take,0.5796815188623368
2,1,1,1,1,2-1,take,0.5779043991298145
2,1,1,1,2,2-1,take,0.5757116094081473
2,1,1,1,3,2-1,take,0.5747788670052348
2,1,1,2,0,2-1,take,0.5796815188623368
2,1,1,2,1,2-1,take,0.5779043991298145
2,1,1,2,2,2-1,take,0.5757116094081473
2,1,1,2,3,2-1,take,0.5747788670052348
2,1,1,3,0,2-1,take,0.5796815188623368
2,1,1,3,1,2-1,take,0.5779043991298145
2,1,1,3,2,2-1,take,0.5757116094081473
2,1,1,3,3,2-1,take,0.5747788670052348
2,1,2,0,0,2-1,take,0.42110135758023853
2,1,2,0,1,2-1,take,0.4198103943399182
2,1,2,0,2,2-1,take,0.41821747357456973
2,1,2,0,3,2-1,take,0.41753989618187876
2,1,2,1,0,2-1,take,0.42110135758023853
2,1,2,1,1,2-1,take,0.4198103943399182
2,1,2,1,2,2-1,take,0.41821747357456973
2,1,2,1,3,2-1,take,0.41753989618187876
2,1,2,2,0,2-1,take,0.42110135758023853
2,1,2,2,1,2-1,take,0.4198103943399182
2,1,2,2,2,2-1,take,0.41821747357456973
2,1,2,2,3,2-1,take,0.41753989618187876
2,1,2,3,0,2-1,take,0.42110135758023853
2,1,2,3,1,2-1,take,0.4198103943399182
2,1,2,3,2,2-1,take,0.41821747357456973
2,1,2,3,3,2-1,take,0.41753989618187876
2,1,3,0,0,2-1,take,0.3059030647354559
2,1,3,0,1,2-1,take,0.3049652629346545
2,1,3,0,2,2-1,take,0.30380810840312245
2,1,3,0,3,2-1,take,0.30331589198663883
2,1,3,1,0,2-1,take,0.3059030647354559
2,1,3,1,1,2-1,take,0.3049652629346545
2,1,3,1,2,2-1,take,0.30380810840312245
2,1,3,1,3,2-1,take,0.30331589198663883
2,1,3,2,0,2-1,take,0.3059030647354559
2,1,3,2,1,2-1,take,0.3049652629346545
2,1,3,2,2,2-1,take,0.30380810840312245
2,1,3,2,3,2-1,take,0.30331589198663883
2,1,3,3,0,2-1,take,0.3059030647354559
2,1,3,3,1,2-1,take,0.3049652629346545
2,1,3,3,2,2-1,take,0.30380810840312245
2,1,3,3,3,2-1,take,0.30331589198663883
2,2,0,0,0,2-2,take,0.48267302217501756
2,2,0,0,1,2-2,take,0.4874422390998607
2,2,0,0,2,2-2,take,0.48194795531086504
2,2,0,0,3,2-2,take,0.47704946507595397
2,2,0,1,0,2-2,take,0.48267302217501756
2,2,0,1,1,2-2,take,0.4874422390998607
2,2,0,1,2,2-2,take,0.48194795531086504
2,2,0,1,3,2-2,take,0.47704946507595397
2,2,0,2,0,2-2,take,0.48267302217501756
2,2,0,2,1,2-2,take,0.4874422390998607
2,2,0,2,2,2-2,take,0.48194795531086504
2,2,0,2,3,2-2,take,0.47704946507595397
2,2,0,3,0,2-2,take,0.48267302217501756
2,2,0,3,1,2-2,take,0.4874422390998607
2,2,0,3,2,2-2,take,0.48194795531086504
2,2,0,3,3,2-2,take,0.47704946507595397
2,2,1,0,0,2-2,take,0.36022393404710346
2,2,1,0,1,2-2,take,0.3637832506114505
2,2,1,0,2,2-2,take,0.35968280904891053
2,2,1,0,3,2-2,take,0.35602701445869384
2,2,1,1,0,2-2,take,0.36022393404710346
2,2,1,1,1,2-2,take,0.3637832506114505
2,2,1,1,2,2-2,take,0.35968280904891053
2,2,1,1,3,2-2,take,0.35602701445869384
2,2,1,2,0,2-2,take,0.36022393404710346
2,2,1,2,1,2-2,take,0.3637832506114505
2,2,1,2,2,2-2,take,0.35968280904891053
2,2,1,2,3,2-2,take,0.35602701445869384
2,2,1,3,0,2-2,take,0.36022393404710346
2,2,1,3,1,2-2,take,0.3637832506114505
2,2,1,3,2,2-2,take,0.35968280904891053
2,2,1,3,3,2-2,take,0.35602701445869384
2,2,2,0,0,2-2,take,0.26167953043984715
2,2,2,0,1,2-2,take,0.26426514510675964
2,2,2,0,2,2-2,take,0.2612864379158566
2,2,2,0,3,2-2,take,0.2586307381654137
2,2,2,1,0,2-2,take,0.26167953043984715
2,2,2,1,1,2-2,take,0.26426514510675964
2,2,2,1,2,2-2,take,0.2612864379158566
2,2,2,1,3,2-2,take,0.2586307381654137
2,2,2,2,0,2-2,take,0.26167953043984715
2,2,2,2,1,2-2,take,0.26426514510675964
2,2,2,2,2,2-2,take,0.2612864379158566
2,2,2,2,3,2-2,take,0.2586307381654137
2,2,2,3,0,2-2,take,0.26167953043984715
2,2,2,3,1,2-2,take,0.26426514510675964
2,2,2,3,2,2-2,take,0.2612864379158566
2,2,2,3,3,2-2,take,0.2586307381654137
2,2,3,0,0,2-2,take,0.190093356211429
2,2,3,0,1,2-2,take,0.19197163904492665
2,2,3,0,2,2-2,take,0.18980779976358078
2,2,3,0,3,2-2,take,0.18787860462247447
2,2,3,1,0,2-2,take,0.190093356211429
2,2,3,1,1,2-2,take,0.19197163904492665
2,2,3,1,2,2-2,take,0.18980779976358078
2,2,3,1,3,2-2,take,0.18787860462247447
2,2,3,2,0,2-2,take,0.190093356211429
2,2,3,2,1,2-2,take,0.19197163904492665
2,2,3,2,2,2-2,take,0.18980779976358078
2,2,3,2,3,2-2,take,0.18787860462247447
2,2,3,3,0,2-2,take,0.190093356211429
2,2,3,3,1,2-2,take,0.19197163904492665
2,2,3,3,2,2-2,take,0.18980779976358078
2,2,3,3,3,2-2,take,0.18787860462247447
3,0,0,0,0,3-0,take,0.9717747090175823
3,0,0,0,1,3-0,take,0.9699082437815095
3,0,0,0,2,3-0,take,0.9699516567600481
3,0,0,0,3,3-0,take,0.9697534861492499
3,0,0,1,0,3-0,take,0.9717747090175823
3,0,0,1,1,3-0,take,0.9699082437815095
3,0,0,1,2,3-0,take,0.9699516567600481
3,0,0,1,3,3-0,take,0.9697534861492499
3,0,0,2,0,3-0,take,0.9717747090175823
3,0,0,2,1,3-0,take,0.9699082437815095
3,0,0,2,2,3-0,take,0.9699516567600481
3,0,0,2,3,3-0,take,0.9697534861492499
3,0,0,3,0,3-0,take,0.9717747090175823
3,0,0,3,1,3-0,take,0.9699082437815095
3,0,0,3,2,3-0,take,0.9699516567600481
3,0,0,3,3,3-0,take,0.9697534861492499
3,0,1,0,0,3-0,take,0.7252456478971527
3,0,1,0,1,3-0,take,0.7238526853340687
3,0,1,0,2,3-0,take,0.7238850848948467
3,0,1,0,3,3-0,take,0.7237371880915148
3,0,1,1,0,3-0,take,0.7252456478971527
3,0,1,1,1,3-0,take,0.7238526853340687
3,0,1,1,2,3-0,take,0.7238850848948467
3,0,1,1,3,3-0,take,0.7237371880915148
3,0,1,2,0,3-0,take,0.7252456478971527
3,0,1,2,1,3-0,take,0.7238526853340687
3,0,1,2,2,3-0,take,0.7238850848948467
3,0,1,2,3,3-0,take,0.7237371880915148
3,0,1,3,0,3-0,take,0.7252456478971527
3,0,1,3,1,3-0,take,0.7238526853340687
3,0,1,3,2,3-0,take,0.7238850848948467
3,0,1,3,3,3-0,take,0.7237371880915148
3,0,2,0,0,3-0,take,0.5268443394734537
3,0,2,0,1,3-0,take,0.5258324417204555
3,0,2,0,2,3-0,take,0.5258559779185003
3,0,2,0,3,3-0,take,0.5257485403986872
3,0,2,1,0,3-0,take,0.5268443394734537
3,0,2,1,1,3-0,take,0.5258324417204555
3,0,2,1,2,3-0,take,0.5258559779185003
3,0,2,1,3,3-0,take,0.5257485403986872
3,0,2,2,0,3-0,take,0.5268443394734537
3,0,2,2,1,3-0,take,0.5258324417204555
3,0,2,2,2,3-0,take,0.5258559779185003
3,0,2,2,3,3-0,take,0.5257485403986872
3,0,2,3,0,3-0,take,0.5268443394734537
3,0,2,3,1,3-0,take,0.5258324417204555
3,0,2,3,2,3-0,take,0.5258559779185003
3,0,2,3,3,3-0,take,0.5257485403986872
3,0,3,0,0,3-0,take,0.38271854333806443
3,0,3,0,1,3-0,take,0.38198346467007394
3,0,3,0,2,3-0,take,0.3820005622051991
3,0,3,0,3,3-0,take,0.38192251575347175
3,0,3,1,0,3-0,take,0.38271854333806443
3,0,3,1,1,3-0,take,0.38198346467007394
3,0,3,1,2,3-0,take,0.3820005622051991
3,0,3,1,3,3-0,take,0.38192251575347175
3,0,3,2,0,3-0,take,0.38271854333806443
3,0,3,2,1,3-0,take,0.38198346467007394
3,0,3,2,2,3-0,take,0.3820005622051991
3,0,3,2,3,3-0,take,0.38192251575347175
3,0,3,3,0,3-0,take,0.38271854333806443
3,0,3,3,1,3-0,take,0.38198346467007394
3,0,3,3,2,3-0,take,0.3820005622051991
3,0,3,3,3,3-0,take,0.38192251575347175
3,1,0,0,0,3-1,take,0.9056348480587828
3,1,0,0,1,3-1,take,0.9055205602749674
3,1,0,0,2,3-1,take,0.9037873444673377
3,1,0,0,3,3-1,take,0.9032925364323552
3,1,0,1,0,3-1,take,0.9056348480587828
3,1,0,1,1,3-1,take,0.9055205602749674
3,1,0,1,2,3-1,take,0.9037873444673377
3,1,0,1,3,3-1,take,0.9032925364323552
3,1,0,2,0,3-1,take,0.9056348480587828
3,1,0,2,1,3-1,take,0.9055205602749674
3,1,0,2,2,3-1,take,0.9037873444673377
3,1,0,2,3,3-1,take,0.9032925364323552
3,1,0,3,0,3-1,take,0.9056348480587828
3,1,0,3,1,3-1,take,0.9055205602749674
3,1,0,3,2,3-1,take,0.9037873444673377
3,1,0,3,3,3-1,take,0.9032925364323552
3,1,1,0,0,3-1,take,0.6758847766295912
3,1,1,0,1,3-1,take,0.6757994824589869
3,1,1,0,2,3-1,take,0.6745059653405792
3,1,1,0,3,3-1,take,0.6741366849193193
3,1,1,1,0,3-1,take,0.6758847766295912
3,1,1,1,1,3-1,take,0.6757994824589869
3,1,1,1,2,3-1,take,0.6745059653405792
3,1,1,1,3,3-1,take,0.6741366849193193
3,1,1,2,0,3-1,take,0.6758847766295912
3,1,1,2,1,3-1,take,0.6757994824589869
3,1,1,2,2,3-1,take,0.6745059653405792
3,1,1,2,3,3-1,take,0.6741366849193193
3,1,1,3,0,3-1,take,0.6758847766295912
3,1,1,3,1,3-1,take,0.6757994824589869
3,1,1,3,2,3-1,take,0.6745059653405792
3,1,1,3,3,3-1,take,0.6741366849193193
3,1,2,0,0,3-1,take,0.4909868397504526
3,1,2,0,1,3-1,take,0.49092487901880566
3,1,2,0,2,3-1,take,0.4899852219883594
3,1,2,0,3,3-1,take,0.48971696350216964
3,1,2,1,0,3-1,take,0.4909868397504526
3,1,2,1,1,3-1,take,0.49092487901880566
3,1,2,1,2,3-1,take,0.4899852219883594
3,1,2,1,3,3-1,take,0.48971696350216964
3,1,2,2,0,3-1,take,0.4909868397504526
3,1,2,2,1,3-1,take,0.49092487901880566
3,1,2,2,2,3-1,take,0.4899852219883594
3,1,2,2,3,3-1,take,0.48971696350216964
3,1,2,3,0,3-1,take,0.4909868397504526
3,1,2,3,1,3-1,take,0.49092487901880566
3,1,2,3,2,3-1,take,0.4899852219883594
3,1,2,3,3,3-1,take,0.48971696350216964
3,1,3,0,0,3-1,take,0.35667037498983506
3,1,3,0,1,3-1,take,0.3566253645022438
3,1,3,0,2,3-1,take,0.3559427640771982
3,1,3,0,3,3-1,take,0.3557478915323521
3,1,3,1,0,3-1,take,0.35667037498983506
3,1,3,1,1,3-1,take,0.3566253645022438
3,1,3,1,2,3-1,take,0.3559427640771982
3,1,3,1,3,3-1,take,0.3557478915323521
3,1,3,2,0,3-1,take,0.35667037498983506
3,1,3,2,1,3-1,take,0.3566253645022438
3,1,3,2,2,3-1,take,0.3559427640771982
3,1,3,2,3,3-1,take,0.3557478915323521
3,1,3,3,0,3-1,take,0.35667037498983506
3,1,3,3,1,3-1,take,0.3566253645022438
3,1,3,3,2,3-1,take,0.3559427640771982
3,1,3,3,3,3-1,take,0.3557478915323521
3,2,0,0,0,3-2,take,0.6942615950132831
3,2,0,0,1,3-2,take,0.698285411057902
3,2,0,0,2,3-2,take,0.69328296110713
3,2,0,0,3,3-2,take,0.6903495874840712
3,2,0,1,0,3-2,take,0.6942615950132831
3,2,0,1,1,3-2,take,0.698285411057902
3,2,0,1,2,3-2,take,0.69328296110713
3,2,0,1,3,3-2,take,0.6903495874840712
3,2,0,2,0,3-2,take,0.6942615950132831
3,2,0,2,1,3-2,take,0.698285411057902
3,2,0,2,2,3-2,take,0.69328296110713
3,2,0,2,3,3-2,take,0.6903495874840712
3,2,0,3,0,3-2,take,0.6942615950132831
3,2,0,3,1,3-2,take,0.698285411057902
3,2,0,3,2,3-2,take,0.69328296110713
3,2,0,3,3,3-2,take,0.6903495874840712
3,2,1,0,0,3-2,take,0.5181347030471181
3,2,1,0,1,3-2,take,0.5211377191240119
3,2,1,0,2,3-2,take,0.5174043383085258
3,2,1,0,3,3-2,take,0.5152151308368368
3,2,1,1,0,3-2,take,0.5181347030471181
3,2,1,1,1,3-2,take,0.5211377191240119
3,2,1,1,2,3-2,take,0.5174043383085258
3,2,1,1,3,3-2,take,0.5152151308368368
3,2,1,2,0,3-2,take,0.5181347030471181
3,2,1,2,1,3-2,take,0.5211377191240119
3,2,1,2,2,3-2,take,0.5174043383085258
3,2,1,2,3,3-2,take,0.5152151308368368
3,2,1,3,0,3-2,take,0.5181347030471181
3,2,1,3,1,3-2,take,0.5211377191240119
3,2,1,3,2,3-2,take,0.5174043383085258
3,2,1,3,3,3-2,take,0.5152151308368368
3,2,2,0,0,3-2,take,0.37639155254082735
3,2,2,0,1,3-2,take,0.3785730506663917
3,2,2,0,2,3-2,take,0.3758609895110532
3,2,2,0,3,3-2,take,0.3742706710200177
3,2,2,1,0,3-2,take,0.37639155254082735
3,2,2,1,1,3-2,take,0.3785730506663917
3,2,2,1,2,3-2,take,0.3758609895110532
3,2,2,1,3,3-2,take,0.3742706710200177
3,2,2,2,0,3-2,take,0.37639155254082735
3,2,2,2,1,3-2,take,0.3785730506663917
3,2,2,2,2,3-2,take,0.3758609895110532
3,2,2,2,3,3-2,take,0.3742706710200177
3,2,2,3,0,3-2,take,0.37639155254082735
3,2,2,3,1,3-2,take,0.3785730506663917
3,2,2,3,2,3-2,take,0.3758609895110532
3,2,2,3,3,3-2,take,0.3742706710200177
3,2,3,0,0,3-2,take,0.27342426584703833
3,2,3,0,1,3-2,take,0.275008983993348
3,2,3,0,2,3-2,take,0.27303884591419897
3,2,3,0,3,3-2,take,0.2718835817672249
3,2,3,1,0,3-2,take,0.27342426584703833
3,2,3,1,1,3-2,take,0.275008983993348
3,2,3,1,2,3-2,take,0.27303884591419897
3,2,3,1,3,3-2,take,0.2718835817672249
3,2,3,2,0,3-2,take,0.27342426584703833
3,2,3,2,1,3-2,take,0.275008983993348
3,2,3,2,2,3-2,take,0.27303884591419897
3,2,3,2,3,3-2,take,0.2718835817672249
3,2,3,3,0,3-2,take,0.27342426584703833
3,2,3,3,1,3-2,take,0.275008983993348
3,2,3,3,2,3-2,take,0.27303884591419897
3,2,3,3,3,3-2,take,0.2718835817672249
